MM:DD:YYYY hh:mm:ss,time_elapsed_ms,Library_Version,Session_type,Device_Number,Battery_Voltage,Motor_Turns,FR,FR_Count_Right,FR_Count_Left,Event,Active_Poke,Left_Poke_Count,Right_Poke_Count,Pellet_Count,Block_Pellet_Count,Retrieval_Time,InterPelletInterval,Poke_Time,RPR_Right,RPR_Count_Right,RPR_Left,RPR_Count_Left
8/26/2026 18:54:44,2520,1.16.3,Barbosa-48h,0,4.21,nan,1,0,0,Right,Left,0,1,0,0,nan,nan,0.04,3,0,3,0
8/26/2026 18:54:45,4250,1.16.3,Barbosa-48h,0,4.21,nan,1,0,0,Left,Left,1,1,0,0,nan,nan,0.19,3,0,3,0
8/26/2026 18:55:11,30097,1.16.3,Barbosa-48h,0,4.20,nan,1,0,0,PeriodStart,Left,1,1,0,0,nan,nan,nan,3,0,3,0
8/26/2026 18:55:16,35324,1.16.3,Barbosa-48h,0,4.20,3,1,0,0,Pellet,Left,1,1,1,0,1.10,nan,nan,3,0,3,0
8/26/2026 18:55:17,35685,1.16.3,Barbosa-48h,0,4.20,nan,1,0,0,Redraw,Left,1,1,1,0,nan,nan,nan,3,0,1,0
8/26/2026 18:55:18,37404,1.16.3,Barbosa-48h,0,4.20,nan,1,0,0,Left,Left,2,1,1,0,nan,nan,0.09,3,0,1,0
8/26/2026 18:55:20,38426,1.16.3,Barbosa-48h,0,4.20,nan,1,0,0,Right,Left,2,2,1,0,nan,nan,0.20,3,0,1,1
8/26/2026 18:55:22,41206,1.16.3,Barbosa-48h,0,4.20,2,1,0,1,Pellet,Left,2,2,2,0,0.92,6,nan,3,0,1,1
8/26/2026 18:55:23,41568,1.16.3,Barbosa-48h,0,4.20,nan,1,0,1,Redraw,Left,2,2,2,0,nan,nan,nan,3,0,4,0
8/26/2026 18:55:24,42969,1.16.3,Barbosa-48h,0,4.20,nan,1,0,1,Left,Left,3,2,2,0,nan,nan,0.08,3,0,4,0
8/26/2026 18:55:25,43957,1.16.3,Barbosa-48h,0,4.20,nan,1,0,1,Right,Left,3,3,2,0,nan,nan,0.06,3,0,4,1
8/26/2026 18:55:25,44156,1.16.3,Barbosa-48h,0,4.21,nan,1,0,1,RightEarly,Left,3,3,2,0,nan,nan,nan,3,0,4,1
8/26/2026 18:55:25,44378,1.16.3,Barbosa-48h,0,4.20,nan,1,0,1,Redraw,Left,3,3,2,0,nan,nan,nan,3,0,4,0
8/26/2026 18:55:26,44845,1.16.3,Barbosa-48h,0,4.20,nan,1,0,1,Left,Left,4,3,2,0,nan,nan,0.00,3,0,4,0
8/26/2026 18:55:27,45454,1.16.3,Barbosa-48h,0,4.21,nan,1,0,1,Right,Left,4,4,2,0,nan,nan,0.09,3,0,4,1
8/26/2026 18:55:27,45653,1.16.3,Barbosa-48h,0,4.20,nan,1,0,1,RightEarly,Left,4,4,2,0,nan,nan,nan,3,0,4,1
8/26/2026 18:55:27,45870,1.16.3,Barbosa-48h,0,4.21,nan,1,0,1,Redraw,Left,4,4,2,0,nan,nan,nan,3,0,1,0
8/26/2026 18:55:28,46602,1.16.3,Barbosa-48h,0,4.20,nan,1,0,1,Left,Left,5,4,2,0,nan,nan,0.10,3,0,1,0
8/26/2026 18:55:29,47421,1.16.3,Barbosa-48h,0,4.21,nan,1,0,1,Right,Left,5,5,2,0,nan,nan,0.00,3,0,1,1
8/26/2026 18:55:32,50642,1.16.3,Barbosa-48h,0,4.20,2,1,0,2,Pellet,Left,5,5,3,0,1.41,10,nan,3,0,1,1
8/26/2026 18:55:32,51004,1.16.3,Barbosa-48h,0,4.20,nan,1,0,2,Redraw,Left,5,5,3,0,nan,nan,nan,3,0,4,0
8/26/2026 18:55:34,53246,1.16.3,Barbosa-48h,0,4.20,nan,1,0,2,Left,Left,6,5,3,0,nan,nan,0.04,3,0,4,0
8/26/2026 18:55:36,54527,1.16.3,Barbosa-48h,0,4.20,nan,1,0,2,Right,Left,6,6,3,0,nan,nan,0.10,3,0,4,1
8/26/2026 18:55:36,54726,1.16.3,Barbosa-48h,0,4.21,nan,1,0,2,RightEarly,Left,6,6,3,0,nan,nan,nan,3,0,4,1
8/26/2026 18:55:36,54943,1.16.3,Barbosa-48h,0,4.20,nan,1,0,2,Redraw,Left,6,6,3,0,nan,nan,nan,3,0,4,0
8/26/2026 18:55:36,55410,1.16.3,Barbosa-48h,0,4.20,nan,1,0,2,Left,Left,7,6,3,0,nan,nan,0.00,3,0,4,0
8/26/2026 18:55:37,56107,1.16.3,Barbosa-48h,0,4.20,nan,1,0,2,Right,Left,7,7,3,0,nan,nan,0.08,3,0,4,1
8/26/2026 18:55:37,56310,1.16.3,Barbosa-48h,0,4.21,nan,1,0,2,RightEarly,Left,7,7,3,0,nan,nan,nan,3,0,4,1
8/26/2026 18:55:38,56527,1.16.3,Barbosa-48h,0,4.20,nan,1,0,2,Redraw,Left,7,7,3,0,nan,nan,nan,3,0,2,0
8/26/2026 18:55:38,56995,1.16.3,Barbosa-48h,0,4.20,nan,1,0,2,Left,Left,8,7,3,0,nan,nan,0.00,3,0,2,0
8/26/2026 18:55:39,57532,1.16.3,Barbosa-48h,0,4.20,nan,1,0,2,Right,Left,8,8,3,0,nan,nan,0.07,3,0,2,1
8/26/2026 18:55:39,57731,1.16.3,Barbosa-48h,0,4.20,nan,1,0,2,RightEarly,Left,8,8,3,0,nan,nan,nan,3,0,2,1
8/26/2026 18:55:39,57953,1.16.3,Barbosa-48h,0,4.20,nan,1,0,2,Redraw,Left,8,8,3,0,nan,nan,nan,3,0,2,0
8/26/2026 18:55:40,58421,1.16.3,Barbosa-48h,0,4.20,nan,1,0,2,Left,Left,9,8,3,0,nan,nan,0.00,3,0,2,0
8/26/2026 18:55:40,58887,1.16.3,Barbosa-48h,0,4.20,nan,1,0,2,Right,Left,9,9,3,0,nan,nan,0.00,3,0,2,1
8/26/2026 18:55:40,59086,1.16.3,Barbosa-48h,0,4.21,nan,1,0,2,RightEarly,Left,9,9,3,0,nan,nan,nan,3,0,2,1
8/26/2026 18:55:40,59302,1.16.3,Barbosa-48h,0,4.20,nan,1,0,2,Redraw,Left,9,9,3,0,nan,nan,nan,3,0,3,0
8/26/2026 18:55:41,59775,1.16.3,Barbosa-48h,0,4.20,nan,1,0,2,Left,Left,10,9,3,0,nan,nan,0.00,3,0,3,0
8/26/2026 18:55:42,60584,1.16.3,Barbosa-48h,0,4.21,nan,1,0,2,Right,Left,10,10,3,0,nan,nan,0.09,3,0,3,1
8/26/2026 18:55:42,60784,1.16.3,Barbosa-48h,0,4.20,nan,1,0,2,RightEarly,Left,10,10,3,0,nan,nan,nan,3,0,3,1
8/26/2026 18:55:42,61000,1.16.3,Barbosa-48h,0,4.20,nan,1,0,2,Redraw,Left,10,10,3,0,nan,nan,nan,3,0,2,0
8/26/2026 18:55:43,61468,1.16.3,Barbosa-48h,0,4.20,nan,1,0,2,Left,Left,11,10,3,0,nan,nan,0.00,3,0,2,0
8/26/2026 18:55:43,62016,1.16.3,Barbosa-48h,0,4.21,nan,1,0,2,Right,Left,11,11,3,0,nan,nan,0.08,3,0,2,1
8/26/2026 18:55:43,62216,1.16.3,Barbosa-48h,0,4.20,nan,1,0,2,RightEarly,Left,11,11,3,0,nan,nan,nan,3,0,2,1
8/26/2026 18:55:44,62432,1.16.3,Barbosa-48h,0,4.20,nan,1,0,2,Redraw,Left,11,11,3,0,nan,nan,nan,3,0,3,0
8/26/2026 18:55:44,62899,1.16.3,Barbosa-48h,0,4.21,nan,1,0,2,Left,Left,12,11,3,0,nan,nan,0.00,3,0,3,0
8/26/2026 18:55:45,63440,1.16.3,Barbosa-48h,0,4.20,nan,1,0,2,Right,Left,12,12,3,0,nan,nan,0.07,3,0,3,1
8/26/2026 18:55:45,63644,1.16.3,Barbosa-48h,0,4.20,nan,1,0,2,RightEarly,Left,12,12,3,0,nan,nan,nan,3,0,3,1
8/26/2026 18:55:45,63860,1.16.3,Barbosa-48h,0,4.20,nan,1,0,2,Redraw,Left,12,12,3,0,nan,nan,nan,3,0,1,0
8/26/2026 18:55:46,64741,1.16.3,Barbosa-48h,0,4.20,nan,1,0,2,Left,Left,13,12,3,0,nan,nan,0.06,3,0,1,0
8/26/2026 18:55:48,66666,1.16.3,Barbosa-48h,0,4.20,nan,1,0,2,Right,Left,13,13,3,0,nan,nan,0.09,3,0,1,1
8/26/2026 18:55:52,70853,1.16.3,Barbosa-48h,0,4.20,2,1,0,3,Pellet,Left,13,13,4,0,0.42,20,nan,3,0,1,1
8/26/2026 18:55:52,71221,1.16.3,Barbosa-48h,0,4.20,nan,1,0,3,Redraw,Left,13,13,4,0,nan,nan,nan,3,0,1,0
8/26/2026 18:55:54,72966,1.16.3,Barbosa-48h,0,4.20,nan,1,0,3,Left,Left,14,13,4,0,nan,nan,0.05,3,0,1,0
8/26/2026 18:56:00,78517,1.16.3,Barbosa-48h,0,4.20,nan,1,0,3,SwitchTimeout,Left,14,13,4,0,nan,nan,nan,3,0,1,1
8/26/2026 18:56:00,78733,1.16.3,Barbosa-48h,0,4.20,nan,1,0,3,Redraw,Left,14,13,4,0,nan,nan,nan,3,0,1,0
8/26/2026 18:56:11,90100,1.16.3,Barbosa-48h,0,4.20,nan,1,0,3,PeriodEnd,Left,14,13,4,0,nan,nan,nan,3,0,1,0
